-- phpMyAdmin SQL Dump
-- version 5.2.0
-- https://www.phpmyadmin.net/
--
-- Host: 127.0.0.1:3306
-- Generation Time: Dec 11, 2022 at 08:17 AM
-- Server version: 8.0.31
-- PHP Version: 8.0.26

SET SQL_MODE = "NO_AUTO_VALUE_ON_ZERO";
START TRANSACTION;
SET time_zone = "+00:00";


/*!40101 SET @OLD_CHARACTER_SET_CLIENT=@@CHARACTER_SET_CLIENT */;
/*!40101 SET @OLD_CHARACTER_SET_RESULTS=@@CHARACTER_SET_RESULTS */;
/*!40101 SET @OLD_COLLATION_CONNECTION=@@COLLATION_CONNECTION */;
/*!40101 SET NAMES utf8mb4 */;

--
-- Database: `wholesaler`
--

-- --------------------------------------------------------

--
-- Table structure for table `retailer`
--

DROP TABLE IF EXISTS `retailer`;
CREATE TABLE IF NOT EXISTS `retailer` (
  `id` mediumint NOT NULL AUTO_INCREMENT,
  `name` varchar(255) DEFAULT NULL,
  `mobile_number` varchar(100) DEFAULT NULL,
  PRIMARY KEY (`id`)
) ENGINE=MyISAM AUTO_INCREMENT=101 DEFAULT CHARSET=utf8mb4 COLLATE=utf8mb4_0900_ai_ci;

--
-- Dumping data for table `retailer`
--

INSERT INTO `retailer` (`id`, `name`, `mobile_number`) VALUES
(1, 'Colton Snow', '(247) 232-3137'),
(2, 'Graham Gamble', '1-389-527-4177'),
(3, 'Cole Robinson', '(720) 123-6436'),
(4, 'Nita Clements', '(532) 263-4434'),
(5, 'Quyn Wise', '1-736-917-3872'),
(6, 'Rama Finch', '1-274-556-7083'),
(7, 'Yoko Dodson', '(871) 213-2376'),
(8, 'Jonas Hess', '(235) 654-9653'),
(9, 'Amery Stuart', '1-559-434-2833'),
(10, 'Graiden Aguirre', '1-690-655-3213'),
(11, 'Lana Carrillo', '1-341-467-4386'),
(12, 'Indira Stone', '(507) 853-9139'),
(13, 'Elton Short', '1-460-829-8758'),
(14, 'Odessa Stafford', '1-233-673-8964'),
(15, 'Herman Perry', '(417) 560-6566'),
(16, 'Ahmed Marquez', '1-678-443-8468'),
(17, 'Asher Burch', '(179) 951-1615'),
(18, 'Ryan Holloway', '1-875-328-0348'),
(19, 'Celeste Mcconnell', '(625) 768-6456'),
(20, 'Lyle Pearson', '(744) 783-5614'),
(21, 'Palmer Collier', '(827) 443-9928'),
(22, 'Fredericka Riley', '(536) 512-0029'),
(23, 'Kiayada Herring', '1-737-373-8574'),
(24, 'Angelica Hutchinson', '(691) 353-2569'),
(25, 'Yvette Justice', '1-383-277-1250'),
(26, 'Phyllis Fox', '1-714-141-4003'),
(27, 'Colorado Gould', '(215) 813-7801'),
(28, 'Jakeem Perry', '(401) 793-3234'),
(29, 'Hillary Brennan', '(643) 842-5275'),
(30, 'Nadine Long', '(767) 349-8507'),
(31, 'William Pennington', '1-434-651-6654'),
(32, 'Nehru Collier', '(868) 706-5586'),
(33, 'Tatum Parrish', '1-799-835-7665'),
(34, 'Calvin Love', '1-965-859-5582'),
(35, 'Keith Wilder', '1-792-396-7575'),
(36, 'Nelle Mack', '1-827-992-4634'),
(37, 'Martha Chase', '1-198-684-1951'),
(38, 'Ali Ross', '(901) 249-6682'),
(39, 'Alexander Sutton', '1-381-472-3746'),
(40, 'Sage Wells', '1-454-337-1762'),
(41, 'Christian Ford', '(192) 871-7334'),
(42, 'Colette Nash', '(924) 838-1362'),
(43, 'Mannix Maddox', '(756) 718-0885'),
(44, 'Cameron Herrera', '(979) 641-9335'),
(45, 'Deirdre White', '(471) 435-6932'),
(46, 'Alea Holmes', '1-697-205-7218'),
(47, 'Kitra Golden', '1-961-618-3264'),
(48, 'Sophia Walter', '(572) 296-0316'),
(49, 'Odysseus Mccarty', '1-226-363-5827'),
(50, 'Baxter Witt', '1-915-837-7368'),
(51, 'Zena Navarro', '1-295-520-1873'),
(52, 'Sopoline Weaver', '1-792-247-1493'),
(53, 'Rajah Kent', '1-879-602-1244'),
(54, 'Dane Hurst', '(541) 815-6084'),
(55, 'Kennedy Hobbs', '1-194-605-7275'),
(56, 'Leslie Rhodes', '1-486-416-6153'),
(57, 'Evelyn Peterson', '(416) 794-1814'),
(58, 'Lavinia Willis', '1-342-685-4312'),
(59, 'Bert Park', '1-114-736-4879'),
(60, 'Kylan Dillon', '(212) 321-2495'),
(61, 'Fiona Chen', '(485) 572-6841'),
(62, 'Felicia Gallagher', '1-810-626-1573'),
(63, 'Oprah Raymond', '1-262-673-1530'),
(64, 'Kyle Montoya', '1-228-466-9178'),
(65, 'Damian Walsh', '1-323-297-2095'),
(66, 'Pandora Acevedo', '(999) 586-1438'),
(67, 'Dylan Gordon', '1-588-865-1133'),
(68, 'Finn Wolf', '1-623-617-8874'),
(69, 'Wing Hayes', '(818) 477-6485'),
(70, 'Kim Butler', '(821) 898-1921'),
(71, 'Reece Nelson', '(544) 265-6063'),
(72, 'Rinah Fleming', '1-264-855-3318'),
(73, 'Warren Caldwell', '(515) 984-1161'),
(74, 'Tad Kent', '(355) 733-3764'),
(75, 'Cecilia Bush', '1-828-766-9647'),
(76, 'Bruce Harmon', '1-378-203-1808'),
(77, 'Lydia Barron', '1-293-805-6835'),
(78, 'Brent Phelps', '(438) 353-2315'),
(79, 'Guy Blankenship', '1-680-949-2076'),
(80, 'Jaime Simon', '1-819-168-6673'),
(81, 'Chastity Madden', '1-443-477-5756'),
(82, 'Stacey Estrada', '1-313-226-3922'),
(83, 'Karleigh Walters', '(517) 858-2660'),
(84, 'Lance Huber', '(893) 337-4120'),
(85, 'Ora Carrillo', '1-804-778-9668'),
(86, 'Fay Floyd', '1-414-682-9922'),
(87, 'Finn Chavez', '(122) 988-9418'),
(88, 'Ignacia Gay', '1-949-941-4480'),
(89, 'Sacha Davenport', '1-456-656-4818'),
(90, 'Abigail Ferrell', '(586) 863-2768'),
(91, 'Madeline Barber', '(173) 868-3121'),
(92, 'Gareth Richmond', '1-812-575-6463'),
(93, 'Margaret Hill', '1-844-111-7462'),
(94, 'Ayanna Dennis', '(345) 323-7840'),
(95, 'Rhoda Gaines', '(654) 440-7780'),
(96, 'Baker Mejia', '1-714-424-3684'),
(97, 'Andrew Schneider', '1-864-606-4713'),
(98, 'Kibo Moss', '(433) 844-1506'),
(99, 'Lysandra Mitchell', '1-946-512-8343'),
(100, 'Louis Booth', '1-366-658-8527');

-- --------------------------------------------------------

--
-- Table structure for table `sequelizemeta`
--

DROP TABLE IF EXISTS `sequelizemeta`;
CREATE TABLE IF NOT EXISTS `sequelizemeta` (
  `name` varchar(255) COLLATE utf8mb3_unicode_ci NOT NULL,
  PRIMARY KEY (`name`),
  UNIQUE KEY `name` (`name`)
) ENGINE=InnoDB DEFAULT CHARSET=utf8mb3 COLLATE=utf8mb3_unicode_ci;

--
-- Dumping data for table `sequelizemeta`
--

INSERT INTO `sequelizemeta` (`name`) VALUES
('20221211040933-create_wholesalers_table.js'),
('20221211062607-create_retailers_table.js'),
('20221211064152-create_stock_table.js');

-- --------------------------------------------------------

--
-- Table structure for table `stock`
--

DROP TABLE IF EXISTS `stock`;
CREATE TABLE IF NOT EXISTS `stock` (
  `id` mediumint UNSIGNED NOT NULL AUTO_INCREMENT,
  `retailer_id` mediumint DEFAULT NULL,
  `wholesaler_id` mediumint DEFAULT NULL,
  `stock_amount` varchar(100) DEFAULT NULL,
  `date` varchar(255) DEFAULT NULL,
  PRIMARY KEY (`id`)
) ENGINE=MyISAM AUTO_INCREMENT=501 DEFAULT CHARSET=utf8mb4 COLLATE=utf8mb4_0900_ai_ci;

--
-- Dumping data for table `stock`
--

INSERT INTO `stock` (`id`, `retailer_id`, `wholesaler_id`, `stock_amount`, `date`) VALUES
(1, 40, 65, '$6,974', 'Apr 9, 2021'),
(2, 72, 77, '$5,297', 'Jul 24, 2021'),
(3, 37, 94, '$6,793', 'Feb 11, 2021'),
(4, 99, 93, '$6,513', 'May 17, 2021'),
(5, 73, 43, '$9,486', 'Feb 12, 2021'),
(6, 71, 38, '$9,028', 'Feb 14, 2021'),
(7, 93, 32, '$6,540', 'Apr 3, 2021'),
(8, 79, 16, '$7,629', 'Apr 30, 2021'),
(9, 25, 10, '$8,584', 'Jul 10, 2021'),
(10, 2, 30, '$8,329', 'Apr 7, 2021'),
(11, 19, 43, '$6,055', 'Aug 31, 2021'),
(12, 14, 12, '$9,094', 'Sep 22, 2021'),
(13, 45, 22, '$5,908', 'Mar 1, 2021'),
(14, 25, 16, '$6,151', 'Sep 30, 2021'),
(15, 86, 84, '$7,913', 'Aug 2, 2021'),
(16, 51, 37, '$7,435', 'Mar 6, 2021'),
(17, 59, 85, '$9,562', 'Aug 14, 2021'),
(18, 44, 33, '$5,039', 'Jan 18, 2021'),
(19, 14, 34, '$8,029', 'Feb 8, 2021'),
(20, 3, 48, '$7,323', 'Aug 7, 2021'),
(21, 60, 54, '$5,206', 'Jan 17, 2021'),
(22, 2, 51, '$6,489', 'Aug 27, 2021'),
(23, 22, 51, '$6,859', 'Feb 20, 2021'),
(24, 51, 68, '$9,485', 'Jul 21, 2021'),
(25, 15, 35, '$6,702', 'Apr 18, 2021'),
(26, 11, 46, '$5,305', 'Mar 6, 2021'),
(27, 96, 12, '$6,579', 'Feb 14, 2021'),
(28, 13, 41, '$5,139', 'Apr 1, 2021'),
(29, 1, 93, '$7,918', 'Jun 6, 2021'),
(30, 49, 41, '$8,730', 'Feb 12, 2021'),
(31, 6, 32, '$7,153', 'Aug 11, 2021'),
(32, 31, 4, '$8,793', 'Sep 30, 2021'),
(33, 44, 23, '$9,740', 'May 13, 2021'),
(34, 64, 2, '$5,649', 'Jan 6, 2021'),
(35, 71, 41, '$5,802', 'Sep 2, 2021'),
(36, 18, 83, '$5,512', 'Apr 14, 2021'),
(37, 36, 32, '$7,051', 'Aug 12, 2021'),
(38, 52, 33, '$6,420', 'May 11, 2021'),
(39, 39, 20, '$5,318', 'Sep 7, 2021'),
(40, 24, 82, '$6,949', 'Mar 15, 2021'),
(41, 43, 94, '$7,034', 'Jul 10, 2021'),
(42, 22, 6, '$5,993', 'Sep 26, 2021'),
(43, 64, 24, '$7,540', 'Jul 3, 2021'),
(44, 32, 4, '$9,531', 'Oct 14, 2021'),
(45, 94, 45, '$8,837', 'Apr 16, 2021'),
(46, 26, 17, '$6,321', 'Jan 19, 2021'),
(47, 52, 16, '$5,617', 'Jun 4, 2021'),
(48, 71, 23, '$8,884', 'May 26, 2021'),
(49, 19, 76, '$7,955', 'Aug 24, 2021'),
(50, 14, 35, '$6,847', 'Jun 1, 2021'),
(51, 20, 42, '$8,804', 'Jul 9, 2021'),
(52, 36, 86, '$5,949', 'Apr 29, 2021'),
(53, 3, 39, '$7,791', 'Nov 18, 2021'),
(54, 16, 64, '$8,725', 'Oct 7, 2021'),
(55, 51, 79, '$5,085', 'Mar 15, 2021'),
(56, 30, 29, '$9,318', 'Sep 14, 2021'),
(57, 88, 61, '$8,495', 'Jun 13, 2021'),
(58, 94, 6, '$7,340', 'Oct 6, 2021'),
(59, 97, 41, '$5,085', 'Jan 9, 2021'),
(60, 83, 53, '$5,143', 'Nov 18, 2021'),
(61, 43, 10, '$8,763', 'Nov 21, 2021'),
(62, 77, 28, '$6,602', 'Oct 16, 2021'),
(63, 14, 89, '$8,904', 'Jun 12, 2021'),
(64, 91, 17, '$8,309', 'Mar 5, 2021'),
(65, 38, 19, '$5,247', 'Mar 29, 2021'),
(66, 38, 48, '$8,067', 'Mar 7, 2021'),
(67, 39, 90, '$9,466', 'Apr 12, 2021'),
(68, 66, 86, '$7,493', 'Oct 15, 2021'),
(69, 74, 42, '$6,073', 'Aug 13, 2021'),
(70, 50, 84, '$5,012', 'Aug 11, 2021'),
(71, 23, 87, '$9,934', 'Nov 9, 2021'),
(72, 90, 60, '$8,080', 'Feb 15, 2021'),
(73, 41, 23, '$9,333', 'Jul 11, 2021'),
(74, 15, 30, '$5,452', 'Mar 8, 2021'),
(75, 49, 84, '$5,723', 'Feb 3, 2021'),
(76, 89, 59, '$9,819', 'Jan 4, 2021'),
(77, 73, 26, '$7,163', 'Aug 9, 2021'),
(78, 69, 96, '$8,306', 'Feb 6, 2021'),
(79, 69, 89, '$5,071', 'Jan 25, 2021'),
(80, 98, 70, '$5,485', 'Jul 7, 2021'),
(81, 47, 49, '$6,837', 'Sep 2, 2021'),
(82, 7, 2, '$8,362', 'May 27, 2021'),
(83, 73, 13, '$6,190', 'Apr 11, 2021'),
(84, 66, 17, '$7,876', 'Oct 5, 2021'),
(85, 94, 11, '$7,896', 'Jan 27, 2021'),
(86, 31, 75, '$6,191', 'Aug 21, 2021'),
(87, 21, 87, '$8,446', 'Jun 13, 2021'),
(88, 59, 8, '$6,210', 'Apr 21, 2021'),
(89, 96, 44, '$6,320', 'Nov 20, 2021'),
(90, 66, 69, '$9,206', 'Jun 14, 2021'),
(91, 75, 18, '$8,707', 'Jul 20, 2021'),
(92, 64, 28, '$9,941', 'Feb 15, 2021'),
(93, 69, 46, '$7,585', 'Apr 15, 2021'),
(94, 13, 36, '$5,524', 'Oct 21, 2021'),
(95, 65, 68, '$8,720', 'Jul 11, 2021'),
(96, 91, 49, '$6,922', 'Nov 28, 2021'),
(97, 46, 66, '$5,959', 'Apr 13, 2021'),
(98, 16, 56, '$8,281', 'Apr 19, 2021'),
(99, 7, 89, '$9,187', 'Apr 8, 2021'),
(100, 4, 40, '$8,911', 'May 4, 2021'),
(101, 84, 29, '$5,707', 'Apr 26, 2021'),
(102, 51, 88, '$9,674', 'Nov 3, 2021'),
(103, 67, 32, '$5,313', 'Mar 4, 2021'),
(104, 1, 7, '$6,813', 'Mar 20, 2021'),
(105, 15, 31, '$6,977', 'Oct 4, 2021'),
(106, 82, 55, '$5,336', 'Oct 7, 2021'),
(107, 80, 11, '$9,834', 'Feb 19, 2021'),
(108, 3, 39, '$8,135', 'Sep 9, 2021'),
(109, 83, 59, '$7,799', 'Aug 27, 2021'),
(110, 94, 40, '$8,693', 'Apr 25, 2021'),
(111, 19, 45, '$5,677', 'Apr 12, 2021'),
(112, 61, 31, '$9,769', 'Jul 4, 2021'),
(113, 78, 79, '$8,006', 'May 28, 2021'),
(114, 35, 76, '$8,576', 'Jan 4, 2021'),
(115, 50, 2, '$9,171', 'Sep 18, 2021'),
(116, 65, 27, '$5,565', 'May 8, 2021'),
(117, 5, 98, '$6,508', 'Jul 7, 2021'),
(118, 44, 26, '$6,415', 'Mar 22, 2021'),
(119, 26, 62, '$9,271', 'Jun 24, 2021'),
(120, 52, 39, '$9,984', 'Jan 20, 2021'),
(121, 40, 29, '$5,480', 'Feb 3, 2021'),
(122, 39, 95, '$8,766', 'Jul 16, 2021'),
(123, 73, 88, '$5,959', 'Jan 16, 2021'),
(124, 98, 7, '$8,770', 'Jul 21, 2021'),
(125, 27, 73, '$6,864', 'Jun 4, 2021'),
(126, 76, 3, '$7,306', 'Jun 6, 2021'),
(127, 3, 70, '$9,641', 'May 30, 2021'),
(128, 19, 39, '$7,306', 'Jun 18, 2021'),
(129, 22, 34, '$8,835', 'Oct 14, 2021'),
(130, 58, 65, '$6,172', 'Jun 9, 2021'),
(131, 16, 92, '$6,045', 'Sep 5, 2021'),
(132, 76, 69, '$7,951', 'May 23, 2021'),
(133, 0, 56, '$8,410', 'Apr 8, 2021'),
(134, 81, 30, '$7,685', 'Jan 18, 2021'),
(135, 13, 26, '$9,385', 'Jun 22, 2021'),
(136, 60, 8, '$5,028', 'May 6, 2021'),
(137, 82, 25, '$8,448', 'Oct 2, 2021'),
(138, 57, 41, '$6,557', 'Jun 23, 2021'),
(139, 65, 9, '$5,187', 'Jul 18, 2021'),
(140, 69, 22, '$8,652', 'Feb 17, 2021'),
(141, 41, 38, '$9,384', 'Feb 17, 2021'),
(142, 81, 28, '$8,750', 'Feb 6, 2021'),
(143, 11, 53, '$5,938', 'Jan 21, 2021'),
(144, 72, 41, '$7,262', 'Sep 26, 2021'),
(145, 53, 96, '$6,460', 'Jan 10, 2021'),
(146, 16, 17, '$5,735', 'Aug 24, 2021'),
(147, 97, 90, '$7,046', 'Dec 1, 2021'),
(148, 98, 15, '$9,752', 'Mar 13, 2021'),
(149, 57, 97, '$6,500', 'May 24, 2021'),
(150, 83, 20, '$7,567', 'Jun 2, 2021'),
(151, 32, 99, '$8,889', 'Nov 22, 2021'),
(152, 54, 14, '$6,249', 'Jun 14, 2021'),
(153, 65, 32, '$6,608', 'Jul 16, 2021'),
(154, 37, 19, '$7,225', 'Sep 14, 2021'),
(155, 14, 57, '$6,108', 'Jun 25, 2021'),
(156, 21, 57, '$7,557', 'Oct 4, 2021'),
(157, 92, 71, '$7,884', 'Apr 6, 2021'),
(158, 36, 93, '$6,752', 'May 5, 2021'),
(159, 29, 9, '$7,894', 'Aug 3, 2021'),
(160, 52, 19, '$5,745', 'Apr 2, 2021'),
(161, 44, 76, '$9,655', 'Oct 26, 2021'),
(162, 7, 26, '$9,034', 'Apr 16, 2021'),
(163, 80, 68, '$9,709', 'Sep 17, 2021'),
(164, 70, 43, '$7,597', 'Nov 19, 2021'),
(165, 87, 63, '$7,670', 'May 25, 2021'),
(166, 57, 91, '$5,548', 'Feb 1, 2021'),
(167, 93, 48, '$6,096', 'Mar 20, 2021'),
(168, 45, 99, '$6,176', 'Apr 20, 2021'),
(169, 13, 66, '$9,292', 'Feb 26, 2021'),
(170, 96, 82, '$6,453', 'Feb 25, 2021'),
(171, 70, 11, '$6,074', 'Oct 10, 2021'),
(172, 99, 51, '$5,872', 'Jun 3, 2021'),
(173, 28, 22, '$6,323', 'Aug 25, 2021'),
(174, 32, 11, '$8,900', 'Mar 25, 2021'),
(175, 44, 85, '$5,611', 'Jul 21, 2021'),
(176, 54, 44, '$7,414', 'Jan 4, 2021'),
(177, 73, 35, '$7,112', 'Jun 18, 2021'),
(178, 33, 34, '$9,446', 'Jan 30, 2021'),
(179, 26, 98, '$9,078', 'May 22, 2021'),
(180, 27, 76, '$9,627', 'May 21, 2021'),
(181, 24, 82, '$7,278', 'Apr 29, 2021'),
(182, 46, 65, '$5,522', 'Oct 5, 2021'),
(183, 62, 82, '$7,881', 'Jan 8, 2021'),
(184, 56, 70, '$8,220', 'Jan 28, 2021'),
(185, 70, 48, '$7,101', 'Nov 17, 2021'),
(186, 10, 42, '$9,139', 'Jan 21, 2021'),
(187, 40, 88, '$5,397', 'Nov 18, 2021'),
(188, 19, 44, '$6,870', 'May 4, 2021'),
(189, 50, 21, '$6,033', 'Aug 27, 2021'),
(190, 50, 2, '$6,276', 'Sep 10, 2021'),
(191, 19, 19, '$9,992', 'May 21, 2021'),
(192, 26, 33, '$8,783', 'Jun 21, 2021'),
(193, 24, 46, '$6,818', 'Jan 2, 2021'),
(194, 59, 40, '$5,881', 'Oct 1, 2021'),
(195, 27, 13, '$7,851', 'Oct 19, 2021'),
(196, 88, 32, '$8,879', 'Jul 5, 2021'),
(197, 18, 83, '$5,037', 'Oct 11, 2021'),
(198, 95, 5, '$8,909', 'Mar 11, 2021'),
(199, 65, 1, '$5,674', 'Jul 30, 2021'),
(200, 61, 38, '$9,721', 'Feb 1, 2021'),
(201, 96, 85, '$5,432', 'Sep 26, 2021'),
(202, 7, 32, '$9,347', 'Sep 1, 2021'),
(203, 80, 42, '$9,026', 'Oct 19, 2021'),
(204, 52, 75, '$6,583', 'Jul 4, 2021'),
(205, 81, 72, '$7,016', 'Jul 10, 2021'),
(206, 54, 44, '$6,396', 'Mar 22, 2021'),
(207, 70, 25, '$5,186', 'Jan 17, 2021'),
(208, 42, 46, '$6,073', 'Aug 3, 2021'),
(209, 97, 17, '$5,780', 'Jun 30, 2021'),
(210, 84, 49, '$5,469', 'Jan 13, 2021'),
(211, 37, 53, '$7,002', 'Nov 15, 2021'),
(212, 62, 86, '$6,769', 'Jul 21, 2021'),
(213, 9, 19, '$5,026', 'Mar 30, 2021'),
(214, 91, 60, '$5,469', 'May 16, 2021'),
(215, 57, 78, '$8,345', 'Feb 7, 2021'),
(216, 30, 26, '$9,993', 'Jul 26, 2021'),
(217, 66, 75, '$9,083', 'May 2, 2021'),
(218, 37, 69, '$8,670', 'Oct 12, 2021'),
(219, 58, 30, '$8,923', 'Jan 19, 2021'),
(220, 63, 62, '$5,896', 'Sep 6, 2021'),
(221, 58, 12, '$6,432', 'Mar 12, 2021'),
(222, 45, 60, '$7,329', 'Mar 20, 2021'),
(223, 91, 12, '$5,557', 'Jun 20, 2021'),
(224, 64, 89, '$5,647', 'Aug 24, 2021'),
(225, 87, 60, '$5,174', 'Jul 7, 2021'),
(226, 84, 26, '$7,144', 'Jul 6, 2021'),
(227, 92, 18, '$5,946', 'Mar 24, 2021'),
(228, 37, 20, '$8,085', 'Sep 27, 2021'),
(229, 82, 44, '$9,126', 'May 4, 2021'),
(230, 42, 21, '$5,629', 'Jun 24, 2021'),
(231, 49, 43, '$8,145', 'Aug 7, 2021'),
(232, 10, 39, '$6,842', 'Feb 12, 2021'),
(233, 41, 51, '$9,271', 'Sep 26, 2021'),
(234, 62, 47, '$9,545', 'Jul 30, 2021'),
(235, 13, 23, '$7,422', 'Oct 4, 2021'),
(236, 84, 86, '$7,194', 'Feb 27, 2021'),
(237, 92, 77, '$5,925', 'Feb 21, 2021'),
(238, 60, 11, '$9,856', 'Mar 1, 2021'),
(239, 19, 57, '$6,698', 'Jan 18, 2021'),
(240, 94, 63, '$7,177', 'Oct 10, 2021'),
(241, 18, 97, '$8,163', 'Jan 7, 2021'),
(242, 6, 3, '$6,038', 'Sep 22, 2021'),
(243, 34, 37, '$6,870', 'Sep 22, 2021'),
(244, 30, 14, '$7,390', 'Aug 23, 2021'),
(245, 93, 5, '$9,145', 'Mar 15, 2021'),
(246, 26, 68, '$9,030', 'Jan 15, 2021'),
(247, 98, 15, '$5,362', 'Sep 21, 2021'),
(248, 81, 9, '$7,776', 'Aug 21, 2021'),
(249, 8, 76, '$6,704', 'Jul 23, 2021'),
(250, 16, 94, '$8,267', 'Feb 20, 2021'),
(251, 21, 19, '$6,520', 'Aug 24, 2021'),
(252, 92, 4, '$6,302', 'Feb 12, 2021'),
(253, 82, 6, '$5,496', 'Feb 18, 2021'),
(254, 52, 20, '$5,538', 'Jul 19, 2021'),
(255, 78, 95, '$8,626', 'Sep 24, 2021'),
(256, 18, 58, '$9,908', 'May 23, 2021'),
(257, 33, 62, '$9,381', 'Mar 6, 2021'),
(258, 34, 49, '$8,167', 'Jan 18, 2021'),
(259, 26, 37, '$6,678', 'May 2, 2021'),
(260, 46, 3, '$5,484', 'Apr 7, 2021'),
(261, 19, 68, '$6,768', 'Aug 6, 2021'),
(262, 47, 48, '$5,962', 'Feb 5, 2021'),
(263, 59, 71, '$5,680', 'Nov 9, 2021'),
(264, 36, 87, '$9,108', 'May 3, 2021'),
(265, 39, 37, '$6,890', 'Nov 3, 2021'),
(266, 29, 18, '$6,453', 'Jul 10, 2021'),
(267, 30, 100, '$6,318', 'Apr 6, 2021'),
(268, 47, 19, '$9,746', 'Jul 10, 2021'),
(269, 14, 53, '$8,742', 'Jun 2, 2021'),
(270, 97, 57, '$7,476', 'Nov 29, 2021'),
(271, 74, 91, '$9,172', 'Jun 29, 2021'),
(272, 65, 45, '$6,122', 'Jan 22, 2021'),
(273, 90, 31, '$5,838', 'Nov 2, 2021'),
(274, 60, 25, '$8,157', 'May 24, 2021'),
(275, 5, 66, '$7,064', 'Sep 4, 2021'),
(276, 39, 28, '$6,069', 'Nov 30, 2021'),
(277, 0, 98, '$5,497', 'Jun 21, 2021'),
(278, 72, 11, '$7,591', 'Feb 14, 2021'),
(279, 83, 77, '$9,769', 'Jun 20, 2021'),
(280, 23, 7, '$5,666', 'Oct 15, 2021'),
(281, 80, 10, '$9,152', 'Oct 18, 2021'),
(282, 8, 31, '$8,485', 'May 15, 2021'),
(283, 59, 77, '$8,600', 'Mar 24, 2021'),
(284, 44, 32, '$8,776', 'Nov 7, 2021'),
(285, 28, 31, '$9,231', 'Feb 22, 2021'),
(286, 73, 61, '$6,303', 'Aug 3, 2021'),
(287, 76, 98, '$6,071', 'Oct 30, 2021'),
(288, 25, 32, '$6,729', 'Mar 8, 2021'),
(289, 51, 89, '$5,932', 'Jun 3, 2021'),
(290, 60, 94, '$5,606', 'Mar 5, 2021'),
(291, 59, 36, '$9,530', 'Jun 29, 2021'),
(292, 23, 94, '$9,683', 'Oct 13, 2021'),
(293, 25, 4, '$5,435', 'Sep 27, 2021'),
(294, 96, 17, '$5,197', 'Aug 4, 2021'),
(295, 45, 47, '$7,170', 'Jan 15, 2021'),
(296, 92, 57, '$7,619', 'Mar 13, 2021'),
(297, 65, 99, '$8,156', 'Oct 14, 2021'),
(298, 52, 4, '$8,301', 'Jan 21, 2021'),
(299, 98, 6, '$8,207', 'Feb 17, 2021'),
(300, 60, 96, '$6,474', 'Nov 1, 2021'),
(301, 32, 28, '$7,358', 'May 19, 2021'),
(302, 69, 58, '$9,043', 'Sep 14, 2021'),
(303, 77, 36, '$5,278', 'Jun 27, 2021'),
(304, 29, 9, '$9,416', 'Jun 21, 2021'),
(305, 92, 93, '$7,056', 'May 22, 2021'),
(306, 5, 13, '$6,455', 'Apr 18, 2021'),
(307, 96, 34, '$7,386', 'Sep 28, 2021'),
(308, 99, 32, '$7,848', 'Jun 7, 2021'),
(309, 80, 7, '$9,082', 'Feb 10, 2021'),
(310, 29, 24, '$7,573', 'Mar 13, 2021'),
(311, 21, 65, '$5,130', 'Jan 4, 2021'),
(312, 57, 49, '$5,341', 'Aug 5, 2021'),
(313, 18, 12, '$6,355', 'Aug 19, 2021'),
(314, 20, 10, '$8,883', 'Nov 16, 2021'),
(315, 3, 31, '$7,915', 'Apr 8, 2021'),
(316, 90, 6, '$6,402', 'Jun 2, 2021'),
(317, 90, 17, '$8,528', 'Sep 14, 2021'),
(318, 22, 4, '$5,449', 'Jan 12, 2021'),
(319, 81, 92, '$6,236', 'Feb 2, 2021'),
(320, 71, 21, '$8,872', 'Nov 25, 2021'),
(321, 68, 4, '$5,906', 'Nov 8, 2021'),
(322, 54, 80, '$8,390', 'Mar 8, 2021'),
(323, 98, 31, '$9,762', 'Mar 17, 2021'),
(324, 37, 67, '$7,493', 'Nov 18, 2021'),
(325, 87, 22, '$7,338', 'Feb 18, 2021'),
(326, 52, 37, '$7,012', 'Mar 21, 2021'),
(327, 17, 86, '$8,421', 'Jul 23, 2021'),
(328, 29, 73, '$7,994', 'Oct 14, 2021'),
(329, 5, 93, '$8,720', 'Jan 15, 2021'),
(330, 51, 81, '$6,820', 'Sep 6, 2021'),
(331, 43, 13, '$8,311', 'Nov 1, 2021'),
(332, 60, 36, '$8,678', 'Oct 20, 2021'),
(333, 9, 51, '$8,974', 'Jan 22, 2021'),
(334, 43, 19, '$7,936', 'Jan 19, 2021'),
(335, 47, 70, '$6,100', 'Aug 9, 2021'),
(336, 49, 39, '$7,183', 'May 10, 2021'),
(337, 69, 36, '$9,300', 'May 19, 2021'),
(338, 34, 29, '$7,600', 'Apr 30, 2021'),
(339, 54, 14, '$9,445', 'Jun 8, 2021'),
(340, 57, 40, '$7,910', 'Aug 9, 2021'),
(341, 53, 68, '$8,422', 'Apr 4, 2021'),
(342, 96, 15, '$9,508', 'May 27, 2021'),
(343, 73, 73, '$8,590', 'Mar 10, 2021'),
(344, 85, 78, '$5,290', 'Jan 27, 2021'),
(345, 37, 32, '$6,706', 'Jun 15, 2021'),
(346, 76, 93, '$5,097', 'Jan 18, 2021'),
(347, 34, 72, '$5,009', 'Aug 12, 2021'),
(348, 61, 36, '$9,123', 'Mar 25, 2021'),
(349, 34, 67, '$9,065', 'Aug 24, 2021'),
(350, 88, 41, '$5,051', 'Mar 25, 2021'),
(351, 19, 60, '$8,040', 'Jun 17, 2021'),
(352, 61, 31, '$7,445', 'Jan 3, 2021'),
(353, 50, 44, '$6,704', 'May 13, 2021'),
(354, 30, 12, '$5,118', 'May 5, 2021'),
(355, 41, 10, '$9,571', 'Sep 5, 2021'),
(356, 30, 78, '$6,130', 'Apr 19, 2021'),
(357, 82, 0, '$9,187', 'Jan 24, 2021'),
(358, 94, 14, '$6,993', 'Jun 14, 2021'),
(359, 94, 46, '$9,957', 'Mar 25, 2021'),
(360, 37, 64, '$6,180', 'Nov 9, 2021'),
(361, 48, 63, '$6,737', 'Oct 23, 2021'),
(362, 46, 4, '$7,363', 'Sep 25, 2021'),
(363, 21, 95, '$7,074', 'Jan 11, 2021'),
(364, 90, 21, '$7,076', 'Nov 25, 2021'),
(365, 35, 10, '$5,731', 'Feb 17, 2021'),
(366, 95, 22, '$6,588', 'Oct 13, 2021'),
(367, 59, 67, '$7,200', 'Sep 1, 2021'),
(368, 37, 17, '$5,408', 'Jun 3, 2021'),
(369, 66, 58, '$8,326', 'Feb 16, 2021'),
(370, 38, 30, '$9,940', 'Mar 4, 2021'),
(371, 99, 19, '$8,590', 'Jun 11, 2021'),
(372, 3, 39, '$7,735', 'Nov 7, 2021'),
(373, 25, 61, '$7,157', 'May 1, 2021'),
(374, 53, 58, '$6,009', 'Jan 26, 2021'),
(375, 71, 74, '$9,147', 'Feb 26, 2021'),
(376, 4, 84, '$5,619', 'May 5, 2021'),
(377, 9, 37, '$6,650', 'Mar 27, 2021'),
(378, 58, 74, '$9,373', 'Jan 15, 2021'),
(379, 50, 65, '$8,273', 'Jul 27, 2021'),
(380, 24, 13, '$7,745', 'May 6, 2021'),
(381, 41, 70, '$5,460', 'Nov 23, 2021'),
(382, 0, 59, '$6,013', 'Jul 21, 2021'),
(383, 87, 47, '$6,849', 'Jan 28, 2021'),
(384, 10, 12, '$8,377', 'Apr 21, 2021'),
(385, 41, 4, '$9,577', 'Oct 2, 2021'),
(386, 77, 98, '$5,458', 'Apr 19, 2021'),
(387, 53, 79, '$5,483', 'Sep 24, 2021'),
(388, 51, 34, '$6,017', 'Oct 2, 2021'),
(389, 48, 45, '$5,421', 'Mar 24, 2021'),
(390, 39, 26, '$7,640', 'Aug 10, 2021'),
(391, 9, 32, '$6,349', 'Mar 18, 2021'),
(392, 19, 95, '$5,162', 'Aug 2, 2021'),
(393, 69, 42, '$8,358', 'Oct 17, 2021'),
(394, 17, 50, '$5,108', 'Jul 21, 2021'),
(395, 7, 19, '$7,182', 'Oct 27, 2021'),
(396, 52, 72, '$5,020', 'Feb 3, 2021'),
(397, 92, 80, '$6,190', 'Jun 3, 2021'),
(398, 32, 16, '$5,584', 'Oct 4, 2021'),
(399, 73, 85, '$7,675', 'Jun 23, 2021'),
(400, 26, 10, '$5,867', 'Mar 28, 2021'),
(401, 46, 47, '$6,095', 'Jun 8, 2021'),
(402, 66, 12, '$6,103', 'Feb 27, 2021'),
(403, 98, 27, '$8,457', 'May 2, 2021'),
(404, 65, 80, '$5,018', 'Feb 1, 2021'),
(405, 36, 37, '$6,193', 'Feb 12, 2021'),
(406, 100, 74, '$8,770', 'Jun 3, 2021'),
(407, 69, 2, '$7,969', 'May 22, 2021'),
(408, 30, 98, '$9,371', 'May 19, 2021'),
(409, 22, 21, '$9,041', 'Oct 1, 2021'),
(410, 84, 59, '$6,091', 'May 15, 2021'),
(411, 69, 51, '$9,920', 'Feb 7, 2021'),
(412, 71, 55, '$5,573', 'Mar 9, 2021'),
(413, 18, 81, '$6,443', 'Mar 1, 2021'),
(414, 3, 68, '$8,928', 'Sep 17, 2021'),
(415, 58, 73, '$5,218', 'Apr 14, 2021'),
(416, 7, 11, '$7,170', 'Sep 16, 2021'),
(417, 93, 85, '$6,604', 'Sep 17, 2021'),
(418, 72, 98, '$6,966', 'Jun 6, 2021'),
(419, 35, 57, '$9,867', 'Oct 8, 2021'),
(420, 6, 36, '$8,359', 'May 23, 2021'),
(421, 68, 92, '$7,867', 'Jun 19, 2021'),
(422, 60, 45, '$6,104', 'Nov 17, 2021'),
(423, 73, 7, '$8,563', 'Apr 6, 2021'),
(424, 93, 100, '$8,061', 'Mar 18, 2021'),
(425, 97, 92, '$7,967', 'Jan 16, 2021'),
(426, 91, 38, '$5,157', 'Sep 22, 2021'),
(427, 24, 47, '$5,234', 'Nov 16, 2021'),
(428, 76, 45, '$9,675', 'Feb 1, 2021'),
(429, 83, 78, '$7,110', 'Feb 27, 2021'),
(430, 14, 47, '$6,651', 'Apr 17, 2021'),
(431, 13, 14, '$6,734', 'Nov 24, 2021'),
(432, 66, 69, '$6,398', 'Aug 18, 2021'),
(433, 11, 75, '$9,327', 'Jul 20, 2021'),
(434, 96, 5, '$6,110', 'Mar 18, 2021'),
(435, 88, 62, '$6,203', 'Mar 9, 2021'),
(436, 83, 43, '$6,271', 'Jun 1, 2021'),
(437, 80, 96, '$8,207', 'Aug 1, 2021'),
(438, 2, 32, '$7,347', 'Apr 5, 2021'),
(439, 12, 86, '$6,036', 'Mar 4, 2021'),
(440, 63, 75, '$9,412', 'Feb 16, 2021'),
(441, 7, 30, '$7,011', 'Feb 10, 2021'),
(442, 87, 61, '$5,349', 'Oct 4, 2021'),
(443, 66, 33, '$7,280', 'May 4, 2021'),
(444, 64, 45, '$9,613', 'Jul 22, 2021'),
(445, 27, 35, '$9,552', 'Mar 30, 2021'),
(446, 18, 92, '$6,959', 'Jun 8, 2021'),
(447, 65, 60, '$6,577', 'Feb 27, 2021'),
(448, 75, 92, '$8,414', 'Sep 20, 2021'),
(449, 30, 82, '$5,802', 'Sep 18, 2021'),
(450, 4, 42, '$9,593', 'Feb 5, 2021'),
(451, 87, 45, '$8,064', 'Jul 25, 2021'),
(452, 19, 76, '$8,584', 'Oct 22, 2021'),
(453, 6, 70, '$7,989', 'Jan 6, 2021'),
(454, 85, 73, '$6,945', 'Jan 20, 2021'),
(455, 77, 16, '$7,634', 'May 12, 2021'),
(456, 81, 97, '$8,319', 'May 20, 2021'),
(457, 94, 26, '$8,603', 'Oct 26, 2021'),
(458, 56, 63, '$7,746', 'Oct 9, 2021'),
(459, 48, 21, '$8,284', 'Oct 16, 2021'),
(460, 68, 98, '$7,774', 'Mar 25, 2021'),
(461, 65, 81, '$6,529', 'Mar 30, 2021'),
(462, 62, 42, '$5,473', 'Jan 18, 2021'),
(463, 70, 42, '$7,316', 'Oct 9, 2021'),
(464, 76, 3, '$7,449', 'May 12, 2021'),
(465, 81, 88, '$7,629', 'Mar 31, 2021'),
(466, 0, 48, '$7,268', 'Feb 21, 2021'),
(467, 8, 10, '$6,090', 'May 10, 2021'),
(468, 94, 47, '$9,846', 'Jan 2, 2021'),
(469, 82, 84, '$7,768', 'May 22, 2021'),
(470, 84, 64, '$9,754', 'Jul 22, 2021'),
(471, 55, 98, '$7,134', 'Feb 12, 2021'),
(472, 59, 2, '$9,318', 'Apr 5, 2021'),
(473, 23, 39, '$8,428', 'Jun 6, 2021'),
(474, 10, 29, '$5,010', 'Jun 9, 2021'),
(475, 81, 17, '$8,382', 'Aug 11, 2021'),
(476, 9, 71, '$5,120', 'May 13, 2021'),
(477, 60, 42, '$5,332', 'Feb 8, 2021'),
(478, 44, 81, '$7,875', 'Sep 7, 2021'),
(479, 80, 32, '$8,626', 'Apr 24, 2021'),
(480, 80, 30, '$6,484', 'Oct 3, 2021'),
(481, 66, 75, '$9,285', 'Aug 17, 2021'),
(482, 69, 0, '$9,505', 'May 13, 2021'),
(483, 5, 84, '$9,724', 'Jul 4, 2021'),
(484, 29, 89, '$6,874', 'Jul 15, 2021'),
(485, 51, 22, '$7,439', 'Jun 15, 2021'),
(486, 68, 23, '$8,839', 'Apr 21, 2021'),
(487, 78, 59, '$5,811', 'May 1, 2021'),
(488, 56, 21, '$5,038', 'Jun 17, 2021'),
(489, 23, 82, '$9,790', 'Jun 20, 2021'),
(490, 70, 83, '$7,905', 'Apr 23, 2021'),
(491, 7, 8, '$8,611', 'Oct 13, 2021'),
(492, 7, 10, '$8,835', 'Sep 20, 2021'),
(493, 20, 68, '$6,278', 'Jul 25, 2021'),
(494, 89, 38, '$5,795', 'Jul 28, 2021'),
(495, 47, 63, '$6,853', 'May 15, 2021'),
(496, 90, 93, '$7,659', 'Nov 22, 2021'),
(497, 38, 99, '$5,024', 'May 12, 2021'),
(498, 68, 25, '$8,677', 'May 2, 2021'),
(499, 40, 39, '$9,410', 'Apr 21, 2021'),
(500, 73, 40, '$5,115', 'Jan 28, 2021');

-- --------------------------------------------------------

--
-- Table structure for table `wholesaler`
--

DROP TABLE IF EXISTS `wholesaler`;
CREATE TABLE IF NOT EXISTS `wholesaler` (
  `id` mediumint NOT NULL AUTO_INCREMENT,
  `name` varchar(255) DEFAULT NULL,
  `mobile_number` varchar(100) DEFAULT NULL,
  PRIMARY KEY (`id`)
) ENGINE=MyISAM AUTO_INCREMENT=101 DEFAULT CHARSET=utf8mb4 COLLATE=utf8mb4_0900_ai_ci;

--
-- Dumping data for table `wholesaler`
--

INSERT INTO `wholesaler` (`id`, `name`, `mobile_number`) VALUES
(1, 'Colton Snow', '(247) 232-3137'),
(2, 'Graham Gamble', '1-389-527-4177'),
(3, 'Cole Robinson', '(720) 123-6436'),
(4, 'Nita Clements', '(532) 263-4434'),
(5, 'Quyn Wise', '1-736-917-3872'),
(6, 'Rama Finch', '1-274-556-7083'),
(7, 'Yoko Dodson', '(871) 213-2376'),
(8, 'Jonas Hess', '(235) 654-9653'),
(9, 'Amery Stuart', '1-559-434-2833'),
(10, 'Graiden Aguirre', '1-690-655-3213'),
(11, 'Lana Carrillo', '1-341-467-4386'),
(12, 'Indira Stone', '(507) 853-9139'),
(13, 'Elton Short', '1-460-829-8758'),
(14, 'Odessa Stafford', '1-233-673-8964'),
(15, 'Herman Perry', '(417) 560-6566'),
(16, 'Ahmed Marquez', '1-678-443-8468'),
(17, 'Asher Burch', '(179) 951-1615'),
(18, 'Ryan Holloway', '1-875-328-0348'),
(19, 'Celeste Mcconnell', '(625) 768-6456'),
(20, 'Lyle Pearson', '(744) 783-5614'),
(21, 'Palmer Collier', '(827) 443-9928'),
(22, 'Fredericka Riley', '(536) 512-0029'),
(23, 'Kiayada Herring', '1-737-373-8574'),
(24, 'Angelica Hutchinson', '(691) 353-2569'),
(25, 'Yvette Justice', '1-383-277-1250'),
(26, 'Phyllis Fox', '1-714-141-4003'),
(27, 'Colorado Gould', '(215) 813-7801'),
(28, 'Jakeem Perry', '(401) 793-3234'),
(29, 'Hillary Brennan', '(643) 842-5275'),
(30, 'Nadine Long', '(767) 349-8507'),
(31, 'William Pennington', '1-434-651-6654'),
(32, 'Nehru Collier', '(868) 706-5586'),
(33, 'Tatum Parrish', '1-799-835-7665'),
(34, 'Calvin Love', '1-965-859-5582'),
(35, 'Keith Wilder', '1-792-396-7575'),
(36, 'Nelle Mack', '1-827-992-4634'),
(37, 'Martha Chase', '1-198-684-1951'),
(38, 'Ali Ross', '(901) 249-6682'),
(39, 'Alexander Sutton', '1-381-472-3746'),
(40, 'Sage Wells', '1-454-337-1762'),
(41, 'Christian Ford', '(192) 871-7334'),
(42, 'Colette Nash', '(924) 838-1362'),
(43, 'Mannix Maddox', '(756) 718-0885'),
(44, 'Cameron Herrera', '(979) 641-9335'),
(45, 'Deirdre White', '(471) 435-6932'),
(46, 'Alea Holmes', '1-697-205-7218'),
(47, 'Kitra Golden', '1-961-618-3264'),
(48, 'Sophia Walter', '(572) 296-0316'),
(49, 'Odysseus Mccarty', '1-226-363-5827'),
(50, 'Baxter Witt', '1-915-837-7368'),
(51, 'Zena Navarro', '1-295-520-1873'),
(52, 'Sopoline Weaver', '1-792-247-1493'),
(53, 'Rajah Kent', '1-879-602-1244'),
(54, 'Dane Hurst', '(541) 815-6084'),
(55, 'Kennedy Hobbs', '1-194-605-7275'),
(56, 'Leslie Rhodes', '1-486-416-6153'),
(57, 'Evelyn Peterson', '(416) 794-1814'),
(58, 'Lavinia Willis', '1-342-685-4312'),
(59, 'Bert Park', '1-114-736-4879'),
(60, 'Kylan Dillon', '(212) 321-2495'),
(61, 'Fiona Chen', '(485) 572-6841'),
(62, 'Felicia Gallagher', '1-810-626-1573'),
(63, 'Oprah Raymond', '1-262-673-1530'),
(64, 'Kyle Montoya', '1-228-466-9178'),
(65, 'Damian Walsh', '1-323-297-2095'),
(66, 'Pandora Acevedo', '(999) 586-1438'),
(67, 'Dylan Gordon', '1-588-865-1133'),
(68, 'Finn Wolf', '1-623-617-8874'),
(69, 'Wing Hayes', '(818) 477-6485'),
(70, 'Kim Butler', '(821) 898-1921'),
(71, 'Reece Nelson', '(544) 265-6063'),
(72, 'Rinah Fleming', '1-264-855-3318'),
(73, 'Warren Caldwell', '(515) 984-1161'),
(74, 'Tad Kent', '(355) 733-3764'),
(75, 'Cecilia Bush', '1-828-766-9647'),
(76, 'Bruce Harmon', '1-378-203-1808'),
(77, 'Lydia Barron', '1-293-805-6835'),
(78, 'Brent Phelps', '(438) 353-2315'),
(79, 'Guy Blankenship', '1-680-949-2076'),
(80, 'Jaime Simon', '1-819-168-6673'),
(81, 'Chastity Madden', '1-443-477-5756'),
(82, 'Stacey Estrada', '1-313-226-3922'),
(83, 'Karleigh Walters', '(517) 858-2660'),
(84, 'Lance Huber', '(893) 337-4120'),
(85, 'Ora Carrillo', '1-804-778-9668'),
(86, 'Fay Floyd', '1-414-682-9922'),
(87, 'Finn Chavez', '(122) 988-9418'),
(88, 'Ignacia Gay', '1-949-941-4480'),
(89, 'Sacha Davenport', '1-456-656-4818'),
(90, 'Abigail Ferrell', '(586) 863-2768'),
(91, 'Madeline Barber', '(173) 868-3121'),
(92, 'Gareth Richmond', '1-812-575-6463'),
(93, 'Margaret Hill', '1-844-111-7462'),
(94, 'Ayanna Dennis', '(345) 323-7840'),
(95, 'Rhoda Gaines', '(654) 440-7780'),
(96, 'Baker Mejia', '1-714-424-3684'),
(97, 'Andrew Schneider', '1-864-606-4713'),
(98, 'Kibo Moss', '(433) 844-1506'),
(99, 'Lysandra Mitchell', '1-946-512-8343'),
(100, 'Louis Booth', '1-366-658-8527');
COMMIT;

/*!40101 SET CHARACTER_SET_CLIENT=@OLD_CHARACTER_SET_CLIENT */;
/*!40101 SET CHARACTER_SET_RESULTS=@OLD_CHARACTER_SET_RESULTS */;
/*!40101 SET COLLATION_CONNECTION=@OLD_COLLATION_CONNECTION */;
